{"current":{"heading_color":"#1e2d7d","text_color":"#677279","accent_color":"#00badb","link_color":"#00badb","border_color":"#e1e3e4","background":"#f3f5f6","secondary_background":"#ffffff","error_color":"#ff0000","success_color":"#00aa00","primary_button_background":"#00badb","primary_button_text_color":"#ffffff","secondary_button_background":"#1e2d7d","secondary_button_text_color":"#ffffff","header_background":"#1e2d7d","header_text_color":"#ffffff","header_light_text_color":"#a3afef","header_accent_color":"#00badb","product_on_sale_accent":"#ee0000","product_in_stock_color":"#008a00","product_low_stock_color":"#ee0000","product_sold_out_color":"#8a9297","product_label_1_background":"#008a00","product_label_2_background":"#00a500","product_star_color":"#ffbd00","base_text_font_size":16,"heading_font":"din_next_n5","text_font":"din_next_n4","underline_links":true,"animation_image_zoom":true,"search_mode":"product,article","show_vendor":false,"show_secondary_image":true,"show_discount":true,"discount_mode":"saving","product_price_position":"after_title","product_image_size":"natural","show_color_swatch":false,"show_inventory_quantity":false,"low_inventory_threshold":0,"show_reviews_badge":false,"cart_type":"drawer","cart_empty_button_link":"shopify:\/\/collections\/all","cart_show_free_shipping_threshold":false,"cart_free_shipping_threshold":"50","social_facebook":"","social_twitter":"","social_pinterest":"","social_instagram":"","social_vimeo":"","social_tumblr":"","social_youtube":"","social_linkedin":"","social_snapchat":"","social_fancy":"","favicon":"shopify:\/\/shop_images\/Design_sem_nome__3_-removebg-preview.png","checkout_header_image":"","checkout_logo_image":"","checkout_logo_position":"left","checkout_logo_size":"medium","checkout_body_background_image":"","checkout_body_background_color":"#ffffff","checkout_input_background_color_mode":"white","checkout_sidebar_background_image":"","checkout_sidebar_background_color":"#fafafa","checkout_heading_font":"-apple-system, BlinkMacSystemFont, 'Segoe UI', Roboto, Helvetica, Arial, sans-serif, 'Apple Color Emoji', 'Segoe UI Emoji', 'Segoe UI Symbol'","checkout_body_font":"-apple-system, BlinkMacSystemFont, 'Segoe UI', Roboto, Helvetica, Arial, sans-serif, 'Apple Color Emoji', 'Segoe UI Emoji', 'Segoe UI Symbol'","checkout_accent_color":"#00badb","checkout_button_color":"#00badb","checkout_error_color":"#ff0000","share_image":"","social_google_plus":"","sections":{"header":{"type":"header","settings":{"enable_sticky_header":true,"logo_max_width":220,"mobile_logo_max_width":170,"show_locale_selector":false,"show_currency_selector":false,"navigation_menu":"main-menu","desktop_navigation_layout":"inline","desktop_navigation_open_trigger":"hover","show_navigation_social_media":true,"navigation_phone_number":"Whatsapp +55 00 0000-0000","navigation_email":"email","show_condensed_search":true,"show_search_filter":true,"search_menu":"","show_search_menu_title":true}},"footer":{"type":"footer","blocks":{"1598060184149":{"type":"text","settings":{"title":"ABOUT THE STORE","content":"<p><\/p><p>Our mission statement is to provide the absolute best customer experience available in the Audio\/Video industry without exception.<\/p><p><\/p><p><em>A big thank you to <\/em><a href=\"https:\/\/www.hideflifestyle.com\/\" target=\"_blank\"><em>HiDEF Lifestyle<\/em><\/a><em> for allowing us to use their products in this demo store.<\/em><\/p>"}},"footer-1":{"type":"links","settings":{"menu":"footer"}},"footer-2":{"type":"newsletter","settings":{"title":"OUR NEWSLETTER","subheading":"<p>Subscribe to get notified about product launches, special offers and news.<\/p><p><br\/><\/p>"}}},"block_order":["1598060184149","footer-1","footer-2"],"settings":{"show_social_media":false,"show_payment_icons":true,"show_locale_selector":false,"show_currency_selector":false,"show_cookie_bar":false,"text":"<p>Todos Direitos Reservados.<\/p>","accept_button":"Accept"}},"slideshow":{"type":"slideshow","blocks":{"slide-0":{"type":"image","settings":{"show_overlay":false,"overlay_opacity":100,"text_color":"#ffffff","title":"","content":"","content_position":"middle_center","button_background":"#ffffff","button_text_color":"#000000","button_text":"Button"}}},"block_order":["slide-0"],"settings":{"edge_to_edge":true,"section_size":"preserve_ratio","carousel_effect":"slide","autoplay":true,"cycle_speed":5}},"collection-list":{"type":"collection-list","blocks":{"collection-0":{"type":"collection","settings":{"collection":""}},"collection-1":{"type":"collection","settings":{"collection":""}},"collection-2":{"type":"collection","settings":{"collection":""}},"collection-3":{"type":"collection","settings":{"collection":""}},"86a983dc-fae8-4603-9135-6a15707da17b":{"type":"collection","settings":{"collection":""}},"371ea15f-36b7-4932-b1ae-13084f2e9382":{"type":"collection","settings":{"collection":""}}},"block_order":["collection-0","collection-1","collection-2","collection-3","86a983dc-fae8-4603-9135-6a15707da17b","371ea15f-36b7-4932-b1ae-13084f2e9382"],"settings":{"title":"Popular categories","link_title":"Envio imediato","link":"shopify:\/\/collections","round_images":true,"show_collection_title":true}},"featured-product":{"type":"featured-product","settings":{"product":"","title":"Featured product","link_title":"View details","show_vendor":true,"show_sku":false,"show_share_buttons":true,"show_description":true,"description_below_add_to_cart":false,"selector_mode":"block","color_mode":"color","show_quantity_selector":true,"show_reviews_badge":false,"show_payment_button":true,"image_size":"small","enable_image_zoom":true,"enable_video_looping":false,"zoom_effect":"outside","carousel_effect":"fade","show_inventory_quantity":false,"low_inventory_threshold":0}},"collection-template":{"type":"collection-template","settings":{"show_collection_image":true,"collapse_collection_description":false,"collection_image_size":"small","products_per_row":"4","default_products_per_page":24,"default_view_layout":"grid","show_quick_buy":"list","show_quick_view":"list","quick_links":"","quick_links_show_products_count":true,"show_filters":true,"show_filter_color_swatch":true,"filter_type":"tag","open_group_filters_mode":"all_closed","filter_group_order":""}},"recently-viewed-products":{"type":"recently-viewed-products","settings":{"title":"Recently viewed","show_quick_buy":false}},"product-template":{"type":"product-template","settings":{"show_vendor":false,"show_sku":false,"show_share_buttons":false,"show_taxes_included":false,"selector_mode":"block","color_mode":"block","show_quantity_selector":true,"show_payment_button":false,"image_size":"small","enable_image_zoom":false,"enable_video_looping":false,"zoom_effect":"outside","carousel_effect":"fade","show_inventory_quantity":true,"low_inventory_threshold":0,"content_display_mode":"show_all_and_expand_description","tab_page_1_handle":"","tab_page_2_handle":"","tab_page_3_handle":"","enable_reviews":true,"show_reviews_badge":true,"trust_title":"Pagamento Seguro","show_payment_icons":true,"custom_security_badge":"shopify:\/\/shop_images\/5e7675bca7998.png","show_shipping_estimator":true,"shipping_estimator_default_country":"Brasil","show_refunds_policy":true}},"product-recommendations":{"type":"product-recommendations","settings":{"show_product_recommendations":false,"heading":"You may also like","show_quick_buy":false}},"announcement-bar":{"type":"announcement-bar","settings":{"show_announcement":true,"background":"#0385ff","text_color":"#ffffff","text":"PARCELAMENTO EM 3X SEM JUROS SOMENTE HOJE!","text_position":"center","show_newsletter":false,"newsletter_button":"Subscribe & Save","newsletter_title":"Newsletter","newsletter_content":"<p>A short sentence describing what someone will receive by subscribing<\/p>"}},"1542984811767":{"type":"featured-collection","settings":{"collection":"todos-produtos","title":"Deal zone","products_count":5,"layout":"vertical","stack_desktop":false,"show_quick_buy":false,"link_title":"Ver todas"}},"popups":{"type":"popups","settings":{}},"text-with-icons":{"type":"text-with-icons","blocks":{"text-with-icons-0":{"type":"item","settings":{"icon":"bi-delivery","title":"Free delivery for $80+ orders","content":"<p>We deliver in 48 hours max!<\/p><p><br\/><\/p>"}},"text-with-icons-1":{"type":"item","settings":{"icon":"bi-returns","title":"Satisfied or refunded","content":"<p>Free returns within 14 days<\/p><p><br\/><\/p>"}},"text-with-icons-2":{"type":"item","settings":{"icon":"bi-customer-support","title":"We are available 24\/7","content":"<p>Contact us by chat, mail, phone<\/p><p><br\/><\/p>"}},"text-with-icons-3":{"type":"item","settings":{"icon":"bi-secure-payment","title":"100% Secure payments","content":"<p>Visa, Mastercard, Amex, PayPal<\/p><p><br\/><\/p>"}}},"block_order":["text-with-icons-0","text-with-icons-1","text-with-icons-2","text-with-icons-3"],"settings":{"show_section":true,"stack_mobile":true}},"static-promotion-list":{"type":"static-promotion-list","settings":{"expand_items":false,"section_size":"medium","stack_mobile":false}},"static-recently-viewed-products":{"type":"static-recently-viewed-products","settings":{"show_section":false,"title":"Recently viewed","show_quick_buy":false}},"static-newsletter":{"type":"static-newsletter","settings":{"show_section":false,"title":"Subscribe to our newsletter","content":"<p>A short sentence describing what someone will receive by subscribing<\/p>","subtext":"100% free, Unsubscribe any time!","background":"#1e2d7d","text":"#ffffff"}},"1606558393b353df04":{"type":"mosaic","blocks":{"1606558393a02e5a37-0":{"type":"item","settings":{"show_overlay":false,"overlay_opacity":50,"background":"#f3f4f4","text_color":"#4f5558","title":"Your heading","content":"Tell more about your product, collection...","content_position":"top_left","button_background":"#4f5558","button_text_color":"#f3f4f4","button_text":"Learn more"}},"1606558393a02e5a37-1":{"type":"item","settings":{"show_overlay":false,"overlay_opacity":50,"background":"#f3f4f4","text_color":"#4f5558","title":"Your heading","content":"Tell more about your product, collection...","content_position":"top_left","button_background":"#4f5558","button_text_color":"#f3f4f4","button_text":"Learn more"}},"1606558393a02e5a37-2":{"type":"item","settings":{"show_overlay":false,"overlay_opacity":50,"background":"#f3f4f4","text_color":"#4f5558","title":"Your heading","content":"Tell more about your product, collection...","content_position":"top_left","button_background":"#4f5558","button_text_color":"#f3f4f4","button_text":"Learn more"}},"1606558393a02e5a37-3":{"type":"item","settings":{"show_overlay":false,"overlay_opacity":50,"background":"#f3f4f4","text_color":"#4f5558","title":"Your heading","content":"Tell more about your product, collection...","content_position":"top_left","button_background":"#4f5558","button_text_color":"#f3f4f4","button_text":"Learn more"}},"1606558393a02e5a37-4":{"type":"item","settings":{"show_overlay":false,"overlay_opacity":50,"background":"#f3f4f4","text_color":"#4f5558","title":"Your heading","content":"Tell more about your product, collection...","content_position":"top_left","button_background":"#4f5558","button_text_color":"#f3f4f4","button_text":"Learn more"}}},"block_order":["1606558393a02e5a37-0","1606558393a02e5a37-1","1606558393a02e5a37-2","1606558393a02e5a37-3","1606558393a02e5a37-4"],"settings":{"section_size":"medium"}},"16065584366c642a7d":{"type":"promotion-list","blocks":{"1606558436971771dc-0":{"type":"item","settings":{"show_overlay":false,"overlay_opacity":50,"stretch_image":false,"background":"#6f42ef","text_color":"#ffffff","title":"Your heading","content":"Tell more about your product, collection...","content_position":"top_left","button_background":"#ffffff","button_text_color":"#6f42ef","button_text":"Learn more"}},"1606558436971771dc-1":{"type":"item","settings":{"show_overlay":false,"overlay_opacity":50,"stretch_image":false,"background":"#fc2a68","text_color":"#ffffff","title":"Your heading","content":"Tell more about your product, collection...","content_position":"top_left","button_background":"#ffffff","button_text_color":"#fc2a68","button_text":"Learn more"}},"1606558436971771dc-2":{"type":"item","settings":{"show_overlay":false,"overlay_opacity":50,"stretch_image":false,"background":"#26c1ce","text_color":"#ffffff","title":"Your heading","content":"Tell more about your product, collection...","content_position":"top_left","button_background":"#ffffff","button_text_color":"#26c1ce","button_text":"Learn more"}}},"block_order":["1606558436971771dc-0","1606558436971771dc-1","1606558436971771dc-2"],"settings":{"expand_items":false,"section_size":"medium","stack_mobile":false}},"1606558482644e1455":{"type":"rich-text","settings":{"text_width":"narrow","title":"About Warehouse","content":"<p>Our mission statement is to provide the absolute best customer experience available in the Audio\/Video industry without exception. We choose to only sell the best performing products in the world, learning them inside and out to ensure your experience with our organization and the products we supply are second to none. HiDEF Lifestyle is one of the fastest growing Audio and Video retailers in the United States.<\/p>","button_text":"Discover our brand","button_link":"shopify:\/\/collections\/all"}},"160655900685deaa0b":{"type":"logo-list","blocks":{"160655900685deaa0b-0":{"type":"logo","settings":{}},"160655900685deaa0b-1":{"type":"logo","settings":{}},"160655900685deaa0b-2":{"type":"logo","settings":{}},"160655900685deaa0b-3":{"type":"logo","settings":{}},"160655900685deaa0b-4":{"type":"logo","settings":{}},"160655900685deaa0b-5":{"type":"logo","settings":{}}},"block_order":["160655900685deaa0b-0","160655900685deaa0b-1","160655900685deaa0b-2","160655900685deaa0b-3","160655900685deaa0b-4","160655900685deaa0b-5"],"settings":{"title":"Brands we distribute","link_title":""}},"1606559093f21f8518":{"type":"collection-with-image","settings":{"collection":"","products_count":12,"background":"#0774d7","text_color":"#ffffff","title":"New TVs","content":"Here is our selection of new TVs on the market, picked by our Warehouse experts.","button_background":"#ffffff","button_text_color":"#0774d7","button_text":"Shop All Tvs"}},"1606559381f0d8759a":{"type":"featured-product","settings":{"product":"","title":"Featured product","link_title":"View details","show_vendor":true,"show_sku":false,"show_share_buttons":true,"show_description":true,"description_below_add_to_cart":false,"selector_mode":"block","color_mode":"color","show_quantity_selector":true,"show_reviews_badge":false,"show_payment_button":true,"image_size":"small","enable_image_zoom":true,"enable_video_looping":false,"zoom_effect":"outside","carousel_effect":"fade","show_inventory_quantity":false,"low_inventory_threshold":0}},"16065600639c434bb0":{"type":"blog-posts","settings":{"blog":"news","title":"Blog posts","link_title":"View all","show_category":true,"show_author":true,"show_date":true,"show_excerpt":false,"stack_mobile":false}},"16065603916754ecc9":{"type":"map","blocks":{"16065603916754ecc9-0":{"type":"store","settings":{"title":"Store 1","address":"<p>123 Fake St. Toronto, Canada<\/p>","hours":"<p>Monday - Friday: 10AM - 9PM<br\/>Saturday: 11AM - 9PM<br\/>Sunday: Closed<\/p>","map_address":"80 Spadina Ave, Toronto"}}},"block_order":["16065603916754ecc9-0"],"settings":{"title":"Our stores","map_link_label":"Get directions","api_key":"","zoom":15,"draggable_map":false,"show_map_controls":false,"map_style":"standard"}},"16065604898ea0c6f9":{"type":"newsletter","settings":{"title":"Let's keep in touch!","content":"<p>Subscribe to our weekly newsletter and receive exclusive offers on products you love!<\/p>"}},"1606560526677fa7a3":{"type":"quick-links","blocks":{"1606560526d17e0038-0":{"type":"link","settings":{"title":"Headphones"}},"1606560526d17e0038-1":{"type":"link","settings":{"title":"Speakers"}},"1606560526d17e0038-2":{"type":"link","settings":{"title":"TVs"}},"1606560526d17e0038-3":{"type":"link","settings":{"title":"Turntables"}},"1606560526d17e0038-4":{"type":"link","settings":{"title":"Subwoofers"}},"1606560526d17e0038-5":{"type":"link","settings":{"title":"Projectors"}}},"block_order":["1606560526d17e0038-0","1606560526d17e0038-1","1606560526d17e0038-2","1606560526d17e0038-3","1606560526d17e0038-4","1606560526d17e0038-5"],"settings":{"title":"Most searched collections","expand_items":true,"show_desktop":true,"link_title":""}}},"content_for_index":["slideshow","16065584366c642a7d","collection-list","1542984811767","1606558393b353df04","160655900685deaa0b","1606558482644e1455","1606559093f21f8518","1606559381f0d8759a","16065600639c434bb0","16065603916754ecc9","16065604898ea0c6f9","1606560526677fa7a3"]},"presets":{"Metal":{"heading_color":"#1e2d7d","text_color":"#677279","accent_color":"#00badb","link_color":"#00badb","border_color":"#e1e3e4","background":"#f3f5f6","secondary_background":"#ffffff","error_color":"#ff0000","success_color":"#00aa00","primary_button_background":"#00badb","primary_button_text_color":"#ffffff","secondary_button_background":"#1e2d7d","secondary_button_text_color":"#ffffff","header_background":"#1e2d7d","header_text_color":"#ffffff","header_light_text_color":"#a3afef","header_accent_color":"#00badb","product_on_sale_accent":"#ee0000","product_in_stock_color":"#008a00","product_low_stock_color":"#ee0000","product_sold_out_color":"#8a9297","product_label_1_background":"#008a00","product_label_2_background":"#00a500","product_star_color":"#ffbd00","base_text_font_size":16,"heading_font":"din_next_n5","text_font":"din_next_n4","underline_links":true,"animation_image_zoom":true,"search_mode":"product,article","show_vendor":true,"show_secondary_image":true,"product_price_position":"after_title","product_image_size":"natural","show_discount":true,"discount_mode":"saving","show_color_swatch":false,"show_inventory_quantity":false,"low_inventory_threshold":0,"show_reviews_badge":false,"cart_type":"drawer","cart_empty_button_link":"shopify:\/\/collections\/all","cart_show_free_shipping_threshold":false,"cart_free_shipping_threshold":"50","share_image":"","social_facebook":"","social_twitter":"","social_google_plus":"","social_pinterest":"","social_instagram":"","social_vimeo":"","social_tumblr":"","social_youtube":"","social_linkedin":"","social_snapchat":"","social_fancy":"","favicon":"","checkout_header_image":"","checkout_logo_image":"","checkout_logo_position":"left","checkout_logo_size":"medium","checkout_body_background_image":"","checkout_body_background_color":"#fff","checkout_input_background_color_mode":"white","checkout_sidebar_background_image":"","checkout_sidebar_background_color":"#fafafa","checkout_heading_font":"-apple-system, BlinkMacSystemFont, 'Segoe UI', Roboto, Helvetica, Arial, sans-serif, 'Apple Color Emoji', 'Segoe UI Emoji', 'Segoe UI Symbol'","checkout_body_font":"-apple-system, BlinkMacSystemFont, 'Segoe UI', Roboto, Helvetica, Arial, sans-serif, 'Apple Color Emoji', 'Segoe UI Emoji', 'Segoe UI Symbol'","checkout_accent_color":"#00badb","checkout_button_color":"#00badb","checkout_error_color":"#ff0000","sections":{"header":{"type":"header","settings":{"logo":"","logo_max_width":140,"mobile_logo_max_width":100,"navigation_menu":"main-menu","desktop_navigation_layout":"inline","desktop_navigation_open_trigger":"hover","navigation_phone_number":"Call us 000-000-0000","navigation_email":"info@yourwebsite.com","search_menu":""}},"footer":{"type":"footer","blocks":{"footer-0":{"type":"text","settings":{"title":"About the shop","content":"<p>Use this text area to tell your customers about your brand and vision. You can change it in the theme settings.<\/p>"}},"footer-1":{"type":"links","settings":{"menu":"footer"}},"footer-2":{"type":"newsletter","settings":{"title":"Newsletter","subheading":"<p>A short sentence describing what someone will receive by subscribing<\/p>"}}},"block_order":["footer-0","footer-1","footer-2"],"settings":{"show_social_media":true,"show_payment_icons":true}},"slideshow":{"type":"slideshow","blocks":{"slide-0":{"type":"image","settings":{"image":"","mobile_image":"","text_color":"#ffffff","title":"Tell your story","content":"Tell your story","content_position":"bottomLeft","button_background":"#ffffff","button_text_color":"#000000","button_text":"Button","link":""}},"slide-1":{"type":"image","settings":{"image":"","mobile_image":"","text_color":"#ffffff","title":"Tell your story","content":"Tell your story","content_position":"bottomLeft","button_background":"#ffffff","button_text_color":"#000000","button_text":"Button","link":""}}},"block_order":["slide-0","slide-1"],"settings":{"edge_to_edge":true,"section_size":"preserve_ratio","cycle_speed":5}},"collection-list":{"type":"collection-list","blocks":{"collection-0":{"type":"collection","settings":{"collection":"","image":""}},"collection-1":{"type":"collection","settings":{"collection":"","image":""}},"collection-2":{"type":"collection","settings":{"collection":"","image":""}},"collection-3":{"type":"collection","settings":{"collection":"","image":""}},"collection-4":{"type":"collection","settings":{"collection":"","image":""}},"collection-5":{"type":"collection","settings":{"collection":"","image":""}}},"block_order":["collection-0","collection-1","collection-2","collection-3","collection-4","collection-5"],"settings":{"title":"Our collections","link_title":"View all","link":"shopify:\/\/collections"}},"featured-product":{"type":"featured-product","settings":{"product":"","title":"Featured product","selector_mode":"block","color_mode":"color","low_inventory_threshold":0,"zoom_effect":"outside","carousel_effect":"fade"}},"collection-template":{"type":"collection-template","settings":{"collection_image_size":"small","default_view_layout":"grid","show_quick_view":"list","show_quick_buy":"list","quick_links":"","filter_type":"tag"}},"recently-viewed-products":{"type":"recently-viewed-products","settings":{"title":"Recently viewed"}},"product-template":{"type":"product-template","settings":{"selector_mode":"block","color_mode":"color","low_inventory_threshold":0,"zoom_effect":"outside","carousel_effect":"fade","tab_page_1_handle":"","tab_page_2_handle":"","tab_page_3_handle":"","custom_security_badge":""}},"product-recommendations":{"type":"product-recommendations","settings":{}},"announcement-bar":{"type":"announcement-bar","settings":{"background":"#1e2d7d","text_color":"#ffffff","text":"Announce something here","link":"","newsletter_button":"Subscribe & Save","newsletter_title":"Newsletter","newsletter_content":"<p>A short sentence describing what someone will receive by subscribing<\/p>"}},"1542984811767":{"type":"featured-collection","settings":{"collection":"","title":"Featured collection","products_count":12,"layout":"vertical","link_title":"View all"}},"1542984842027":{"type":"newsletter","settings":{"title":"Newsletter","content":"<p>A short sentence describing what someone will receive by subscribing<\/p>"}},"1542984882560":{"type":"blog-posts","settings":{"blog":"news","title":"Blog posts"}}},"content_for_index":["slideshow","1542984811767","collection-list","1542984842027","featured-product","1542984882560"]},"Wood":{"heading_color":"#3a2a2f","text_color":"#3a2a2f","accent_color":"#ff6128","link_color":"#ff6128","border_color":"#e7e2de","background":"#f7f4f2","secondary_background":"#ffffff","error_color":"#f71b1b","success_color":"#48b448","primary_button_background":"#ff6128","primary_button_text_color":"#ffffff","secondary_button_background":"#3a2a2f","secondary_button_text_color":"#ffffff","header_background":"#3a2a2f","header_text_color":"#ffffff","header_light_text_color":"#e9e2dd","header_accent_color":"#ff6128","product_on_sale_accent":"#ee0000","product_in_stock_color":"#008a00","product_low_stock_color":"#ee0000","product_sold_out_color":"#d1d1d4","product_label_1_background":"#ff6128","product_label_2_background":"#a95ebe","product_star_color":"#ffb647","base_text_font_size":15,"heading_font":"itc_avant_garde_gothic_n5","text_font":"basic_commercial_n4","underline_links":true,"animation_image_zoom":true,"search_mode":"product,article,page","show_vendor":true,"show_secondary_image":true,"show_discount":true,"discount_mode":"percentage","product_price_position":"after_title","product_image_size":"square","show_color_swatch":false,"show_inventory_quantity":true,"low_inventory_threshold":1,"show_reviews_badge":false,"cart_type":"drawer","cart_empty_button_link":"shopify:\/\/collections\/all","cart_show_free_shipping_threshold":true,"cart_free_shipping_threshold":"50","checkout_logo_position":"center","checkout_logo_size":"medium","checkout_body_background_image":"","checkout_body_background_color":"#fff","checkout_input_background_color_mode":"white","checkout_sidebar_background_image":"","checkout_sidebar_background_color":"#f7f4f2","checkout_heading_font":"-apple-system, BlinkMacSystemFont, 'Segoe UI', Roboto, Helvetica, Arial, sans-serif, 'Apple Color Emoji', 'Segoe UI Emoji', 'Segoe UI Symbol'","checkout_body_font":"-apple-system, BlinkMacSystemFont, 'Segoe UI', Roboto, Helvetica, Arial, sans-serif, 'Apple Color Emoji', 'Segoe UI Emoji', 'Segoe UI Symbol'","checkout_accent_color":"#ff6128","checkout_button_color":"#ff6128","checkout_error_color":"#f71b1b","sections":{"header":{"type":"header","settings":{"logo":"","logo_max_width":140,"mobile_logo_max_width":100,"navigation_menu":"main-menu","desktop_navigation_layout":"inline","desktop_navigation_open_trigger":"hover","navigation_phone_number":"Call us 000-000-0000","navigation_email":"info@yourwebsite.com","search_menu":""}},"footer":{"type":"footer","blocks":{"footer-0":{"type":"text","settings":{"title":"About the shop","content":"<p>Use this text area to tell your customers about your brand and vision. You can change it in the theme settings.<\/p>"}},"footer-1":{"type":"links","settings":{"menu":"footer"}},"footer-2":{"type":"newsletter","settings":{"title":"Newsletter","subheading":"<p>A short sentence describing what someone will receive by subscribing<\/p>"}}},"block_order":["footer-0","footer-1","footer-2"],"settings":{"show_social_media":true,"show_payment_icons":true}},"slideshow":{"type":"slideshow","blocks":{"slide-0":{"type":"image","settings":{"image":"","mobile_image":"","text_color":"#ffffff","title":"Tell your story","content":"Tell your story","content_position":"bottomLeft","button_background":"#ffffff","button_text_color":"#000000","button_text":"Button","link":""}},"slide-1":{"type":"image","settings":{"image":"","mobile_image":"","text_color":"#ffffff","title":"Tell your story","content":"Tell your story","content_position":"bottomLeft","button_background":"#ffffff","button_text_color":"#000000","button_text":"Button","link":""}}},"block_order":["slide-0","slide-1"],"settings":{"edge_to_edge":true,"section_size":"preserve_ratio","cycle_speed":5}},"collection-list":{"type":"collection-list","blocks":{"collection-0":{"type":"collection","settings":{"collection":"","image":""}},"collection-1":{"type":"collection","settings":{"collection":"","image":""}},"collection-2":{"type":"collection","settings":{"collection":"","image":""}},"collection-3":{"type":"collection","settings":{"collection":"","image":""}},"collection-4":{"type":"collection","settings":{"collection":"","image":""}},"collection-5":{"type":"collection","settings":{"collection":"","image":""}}},"block_order":["collection-0","collection-1","collection-2","collection-3","collection-4","collection-5"],"settings":{"title":"Our collections","link_title":"View all","link":"shopify:\/\/collections"}},"collection-template":{"type":"collection-template","settings":{"collection_image_size":"small","default_view_layout":"grid","show_quick_view":"list","show_quick_buy":"list","quick_links":"","filter_type":"tag"}},"recently-viewed-products":{"type":"recently-viewed-products","settings":{"title":"Recently viewed"}},"product-template":{"type":"product-template","settings":{"selector_mode":"block","color_mode":"color","low_inventory_threshold":0,"zoom_effect":"outside","carousel_effect":"fade","tab_page_1_handle":"","tab_page_2_handle":"","tab_page_3_handle":"","custom_security_badge":""}},"product-recommendations":{"type":"product-recommendations","settings":{}},"announcement-bar":{"type":"announcement-bar","settings":{"background":"#3a2a2f","text_color":"#ffffff","text":"Announce something here","link":"","newsletter_button":"Subscribe & Save","newsletter_title":"Newsletter","newsletter_content":"<p>A short sentence describing what someone will receive by subscribing<\/p>"}},"1542984811767":{"type":"featured-collection","settings":{"collection":"","title":"Featured collection","products_count":12,"layout":"vertical","link_title":"View all"}},"1550833441117":{"type":"collection-with-image","settings":{"collection":"","products_count":12,"image":"","background":"#3a2a2f","text_color":"#ffffff","title":"Our best sellers","content":"Shop our most popular products for this season.","button_background":"#e95d2b","button_text_color":"#ffffff","button_text":"Learn more","button_link":""}},"1555314133560":{"type":"promotion-list","blocks":{"1555314133560-0":{"type":"item","settings":{"image":"","show_overlay":false,"stretch_image":false,"background":"#6f42ef","text_color":"#ffffff","title":"Your heading","content":"Tell more about your product, collection...","button_background":"#ffffff","button_text_color":"#6f42ef","button_text":"Learn more","button_link":""}},"1555314133560-1":{"type":"item","settings":{"image":"","show_overlay":false,"stretch_image":false,"background":"#fc2a68","text_color":"#ffffff","title":"Your heading","content":"Tell more about your product, collection...","button_background":"#ffffff","button_text_color":"#fc2a68","button_text":"Learn more","button_link":""}},"1555314133560-2":{"type":"item","settings":{"image":"","show_overlay":false,"stretch_image":false,"background":"#26c1ce","text_color":"#ffffff","title":"Your heading","content":"Tell more about your product, collection...","button_background":"#ffffff","button_text_color":"#26c1ce","button_text":"Learn more","button_link":""}}},"block_order":["1555314133560-0","1555314133560-1","1555314133560-2"],"settings":{"expand_items":false,"section_size":"medium","stack_mobile":false}},"1542984882560":{"type":"blog-posts","settings":{"blog":"news","title":"Blog posts"}}},"content_for_index":["slideshow","1542984811767","1555314133560","collection-list","1550833441117","1542984882560"]}}}